{
  "logistic_regression": {
    "accuracy": 0.7207792207792207,
    "precision": 0.5873015873015873,
    "recall": 0.6851851851851852,
    "f1_score": 0.6324786324786325,
    "roc_auc": 0.8109259259259258,
    "confusion_matrix": [
      [
        74,
        26
      ],
      [
        17,
        37
      ]
    ],
    "is_best": false
  },
  "random_forest": {
    "accuracy": 0.7272727272727273,
    "precision": 0.5882352941176471,
    "recall": 0.7407407407407407,
    "f1_score": 0.6557377049180327,
    "roc_auc": 0.8157407407407408,
    "confusion_matrix": [
      [
        72,
        28
      ],
      [
        14,
        40
      ]
    ],
    "is_best": false
  },
  "svm": {
    "accuracy": 0.7272727272727273,
    "precision": 0.5967741935483871,
    "recall": 0.6851851851851852,
    "f1_score": 0.6379310344827587,
    "roc_auc": 0.8098148148148149,
    "confusion_matrix": [
      [
        75,
        25
      ],
      [
        17,
        37
      ]
    ],
    "is_best": false
  },
  "xgboost": {
    "accuracy": 0.7467532467532467,
    "precision": 0.6229508196721312,
    "recall": 0.7037037037037037,
    "f1_score": 0.6608695652173913,
    "roc_auc": 0.813888888888889,
    "confusion_matrix": [
      [
        77,
        23
      ],
      [
        16,
        38
      ]
    ],
    "is_best": false
  },
  "lightgbm": {
    "accuracy": 0.7467532467532467,
    "precision": 0.6190476190476191,
    "recall": 0.7222222222222222,
    "f1_score": 0.6666666666666666,
    "roc_auc": 0.8137037037037037,
    "confusion_matrix": [
      [
        76,
        24
      ],
      [
        15,
        39
      ]
    ],
    "is_best": false
  },
  "stacking": {
    "accuracy": 0.7337662337662337,
    "precision": 0.6101694915254238,
    "recall": 0.6666666666666666,
    "f1_score": 0.6371681415929203,
    "roc_auc": 0.8225925925925925,
    "confusion_matrix": [
      [
        77,
        23
      ],
      [
        18,
        36
      ]
    ],
    "is_best": false
  }
}