{
  "disease": "heart",
  "model_name": "logistic_regression",
  "roc_curve": {
    "fpr": [
      0.0,
      0.0,
      0.0,
      0.03125,
      0.03125,
      0.28125,
      0.28125,
      0.4375,
      0.4375,
      0.5,
      0.5,
      1.0
    ],
    "tpr": [
      0.0,
      0.03571428571428571,
      0.8214285714285714,
      0.8214285714285714,
      0.8928571428571429,
      0.8928571428571429,
      0.9285714285714286,
      0.9285714285714286,
      0.9642857142857143,
      0.9642857142857143,
      1.0,
      1.0
    ],
    "thresholds": [
      Infinity,
      0.9990792450757237,
      0.5286438071211237,
      0.41133689553215336,
      0.34943401808951324,
      0.23518927983030316,
      0.2324494742958772,
      0.18579671111745238,
      0.14402047448209485,
      0.13396963583943897,
      0.1247017422468995,
      0.01189452842668113
    ],
    "auc": 0.9542410714285714
  },
  "pr_curve": {
    "precision": [
      0.4666666666666667,
      0.4745762711864407,
      0.4827586206896552,
      0.49122807017543857,
      0.5,
      0.509090909090909,
      0.5185185185185185,
      0.5283018867924528,
      0.5384615384615384,
      0.5490196078431373,
      0.56,
      0.5714285714285714,
      0.5833333333333334,
      0.5957446808510638,
      0.6086956521739131,
      0.6222222222222222,
      0.6363636363636364,
      0.627906976744186,
      0.6428571428571429,
      0.6585365853658537,
      0.65,
      0.6666666666666666,
      0.6842105263157895,
      0.7027027027027027,
      0.7222222222222222,
      0.7428571428571429,
      0.7352941176470589,
      0.7575757575757576,
      0.78125,
      0.8064516129032258,
      0.8333333333333334,
      0.8620689655172413,
      0.8928571428571429,
      0.9259259259259259,
      0.9615384615384616,
      0.96,
      0.9583333333333334,
      1.0,
      1.0,
      1.0,
      1.0,
      1.0,
      1.0,
      1.0,
      1.0,
      1.0,
      1.0,
      1.0,
      1.0,
      1.0,
      1.0,
      1.0,
      1.0,
      1.0,
      1.0,
      1.0,
      1.0,
      1.0,
      1.0,
      1.0,
      1.0
    ],
    "recall": [
      1.0,
      1.0,
      1.0,
      1.0,
      1.0,
      1.0,
      1.0,
      1.0,
      1.0,
      1.0,
      1.0,
      1.0,
      1.0,
      1.0,
      1.0,
      1.0,
      1.0,
      0.9642857142857143,
      0.9642857142857143,
      0.9642857142857143,
      0.9285714285714286,
      0.9285714285714286,
      0.9285714285714286,
      0.9285714285714286,
      0.9285714285714286,
      0.9285714285714286,
      0.8928571428571429,
      0.8928571428571429,
      0.8928571428571429,
      0.8928571428571429,
      0.8928571428571429,
      0.8928571428571429,
      0.8928571428571429,
      0.8928571428571429,
      0.8928571428571429,
      0.8571428571428571,
      0.8214285714285714,
      0.8214285714285714,
      0.7857142857142857,
      0.75,
      0.7142857142857143,
      0.6785714285714286,
      0.6428571428571429,
      0.6071428571428571,
      0.5714285714285714,
      0.5357142857142857,
      0.5,
      0.4642857142857143,
      0.42857142857142855,
      0.39285714285714285,
      0.35714285714285715,
      0.32142857142857145,
      0.2857142857142857,
      0.25,
      0.21428571428571427,
      0.17857142857142858,
      0.14285714285714285,
      0.10714285714285714,
      0.07142857142857142,
      0.03571428571428571,
      0.0
    ],
    "thresholds": [
      0.01189452842668113,
      0.021990990758312852,
      0.025600781684425356,
      0.034177051210047965,
      0.03539742140591284,
      0.04106029817962049,
      0.04680451751595033,
      0.05010915368875671,
      0.051563142967814335,
      0.06245127806972454,
      0.06674223061337692,
      0.07595447724703455,
      0.07920182732870583,
      0.08139560225383943,
      0.08356206367245451,
      0.10314569955827874,
      0.1247017422468995,
      0.13396963583943897,
      0.13739629812483403,
      0.14402047448209485,
      0.18579671111745238,
      0.190657540374458,
      0.20002532093021097,
      0.22770221383809067,
      0.23089234436474557,
      0.2324494742958772,
      0.23518927983030316,
      0.24154967289910648,
      0.25864438162230663,
      0.26367622964928683,
      0.26707763578229204,
      0.2916312917777572,
      0.30238547940429106,
      0.3140007915496462,
      0.34943401808951324,
      0.3554541259078043,
      0.41133689553215336,
      0.5286438071211237,
      0.5690651063416645,
      0.6660234590137901,
      0.695054402897698,
      0.7175040939206652,
      0.8512154293146267,
      0.8673455623754827,
      0.8712103858871206,
      0.8728829305119148,
      0.8858205593200257,
      0.8992742008001037,
      0.9062132249251531,
      0.910057667661493,
      0.9189381901285993,
      0.9377713528703784,
      0.9589023415759353,
      0.9654948136662761,
      0.9674335819780117,
      0.967899620505876,
      0.9680411600070411,
      0.9836430241279518,
      0.9944375221212394,
      0.9990792450757237
    ],
    "auc": 0.9623362545330298
  },
  "confusion_matrices": {
    "0.1": {
      "matrix": [
        [
          15,
          17
        ],
        [
          0,
          28
        ]
      ],
      "tn": 15,
      "fp": 17,
      "fn": 0,
      "tp": 28,
      "accuracy": 0.7166666666666667,
      "precision": 0.6222222222222222,
      "recall": 1.0,
      "specificity": 0.46875,
      "f1": 0.7671232876712328
    },
    "0.2": {
      "matrix": [
        [
          20,
          12
        ],
        [
          2,
          26
        ]
      ],
      "tn": 20,
      "fp": 12,
      "fn": 2,
      "tp": 26,
      "accuracy": 0.7666666666666667,
      "precision": 0.6842105263157895,
      "recall": 0.9285714285714286,
      "specificity": 0.625,
      "f1": 0.7878787878787878
    },
    "0.3": {
      "matrix": [
        [
          29,
          3
        ],
        [
          3,
          25
        ]
      ],
      "tn": 29,
      "fp": 3,
      "fn": 3,
      "tp": 25,
      "accuracy": 0.9,
      "precision": 0.8928571428571429,
      "recall": 0.8928571428571429,
      "specificity": 0.90625,
      "f1": 0.8928571428571429
    },
    "0.4": {
      "matrix": [
        [
          31,
          1
        ],
        [
          5,
          23
        ]
      ],
      "tn": 31,
      "fp": 1,
      "fn": 5,
      "tp": 23,
      "accuracy": 0.9,
      "precision": 0.9583333333333334,
      "recall": 0.8214285714285714,
      "specificity": 0.96875,
      "f1": 0.8846153846153847
    },
    "0.5": {
      "matrix": [
        [
          32,
          0
        ],
        [
          5,
          23
        ]
      ],
      "tn": 32,
      "fp": 0,
      "fn": 5,
      "tp": 23,
      "accuracy": 0.9166666666666666,
      "precision": 1.0,
      "recall": 0.8214285714285714,
      "specificity": 1.0,
      "f1": 0.9019607843137255
    },
    "0.6": {
      "matrix": [
        [
          32,
          0
        ],
        [
          7,
          21
        ]
      ],
      "tn": 32,
      "fp": 0,
      "fn": 7,
      "tp": 21,
      "accuracy": 0.8833333333333333,
      "precision": 1.0,
      "recall": 0.75,
      "specificity": 1.0,
      "f1": 0.8571428571428571
    },
    "0.7": {
      "matrix": [
        [
          32,
          0
        ],
        [
          9,
          19
        ]
      ],
      "tn": 32,
      "fp": 0,
      "fn": 9,
      "tp": 19,
      "accuracy": 0.85,
      "precision": 1.0,
      "recall": 0.6785714285714286,
      "specificity": 1.0,
      "f1": 0.8085106382978724
    },
    "0.8": {
      "matrix": [
        [
          32,
          0
        ],
        [
          10,
          18
        ]
      ],
      "tn": 32,
      "fp": 0,
      "fn": 10,
      "tp": 18,
      "accuracy": 0.8333333333333334,
      "precision": 1.0,
      "recall": 0.6428571428571429,
      "specificity": 1.0,
      "f1": 0.782608695652174
    },