{
  "disease": "heart",
  "model_name": "random_forest",
  "roc_curve": {
    "fpr": [
      0.0,
      0.0,
      0.0,
      0.03125,
      0.03125,
      0.0625,
      0.0625,
      0.09375,
      0.09375,
      0.125,
      0.125,
      0.28125,
      0.28125,
      0.34375,
      0.34375,
      0.4375,
      0.4375,
      1.0
    ],
    "tpr": [
      0.0,
      0.03571428571428571,
      0.6785714285714286,
      0.6785714285714286,
      0.7142857142857143,
      0.7142857142857143,
      0.7857142857142857,
      0.7857142857142857,
      0.8214285714285714,
      0.8214285714285714,
      0.8571428571428571,
      0.8571428571428571,
      0.8928571428571429,
      0.8928571428571429,
      0.9642857142857143,
      0.9642857142857143,
      1.0,
      1.0
    ],
    "thresholds": [
      Infinity,
      0.9849107142857143,
      0.6651309523809523,
      0.5371289682539683,
      0.5356654734154733,
      0.5246150793650795,
      0.48991865079365077,
      0.46842063492063474,
      0.42962499999999987,
      0.40700000000000003,
      0.37758134920634917,
      0.31890692640692647,
      0.3141428571428571,
      0.3040595238095239,
      0.2978097041847042,
      0.24528787878787875,
      0.24395238095238095,
      0.013291666666666669
    ],
    "auc": 0.9363839285714286
  },
  "pr_curve": {
    "precision": [
      0.4666666666666667,
      0.4745762711864407,
      0.4827586206896552,
      0.49122807017543857,
      0.5,
      0.509090909090909,
      0.5185185185185185,
      0.5283018867924528,
      0.5384615384615384,
      0.5490196078431373,
      0.56,
      0.5714285714285714,
      0.5833333333333334,
      0.5957446808510638,
      0.6086956521739131,
      0.6222222222222222,
      0.6363636363636364,
      0.6511627906976745,
      0.6666666666666666,
      0.6585365853658537,
      0.675,
      0.6923076923076923,
      0.7105263157894737,
      0.7027027027027027,
      0.6944444444444444,
      0.7142857142857143,
      0.7352941176470589,
      0.7272727272727273,
      0.75,
      0.7741935483870968,
      0.8,
      0.8275862068965517,
      0.8571428571428571,
      0.8518518518518519,
      0.8846153846153846,
      0.88,
      0.9166666666666666,
      0.9130434782608695,
      0.9090909090909091,
      0.9523809523809523,
      0.95,
      1.0,
      1.0,
      1.0,
      1.0,
      1.0,
      1.0,
      1.0,
      1.0,
      1.0,
      1.0,
      1.0,
      1.0,
      1.0,
      1.0,
      1.0,
      1.0,
      1.0,
      1.0,
      1.0,
      1.0
    ],
    "recall": [
      1.0,
      1.0,
      1.0,
      1.0,
      1.0,
      1.0,
      1.0,
      1.0,
      1.0,
      1.0,
      1.0,
      1.0,
      1.0,
      1.0,
      1.0,
      1.0,
      1.0,
      1.0,
      1.0,
      0.9642857142857143,
      0.9642857142857143,
      0.9642857142857143,
      0.9642857142857143,
      0.9285714285714286,
      0.8928571428571429,
      0.8928571428571429,
      0.8928571428571429,
      0.8571428571428571,
      0.8571428571428571,
      0.8571428571428571,
      0.8571428571428571,
      0.8571428571428571,
      0.8571428571428571,
      0.8214285714285714,
      0.8214285714285714,
      0.7857142857142857,
      0.7857142857142857,
      0.75,
      0.7142857142857143,
      0.7142857142857143,
      0.6785714285714286,
      0.6785714285714286,
      0.6428571428571429,
      0.6071428571428571,
      0.5714285714285714,
      0.5357142857142857,
      0.5,
      0.4642857142857143,
      0.42857142857142855,
      0.39285714285714285,
      0.35714285714285715,
      0.32142857142857145,
      0.2857142857142857,
      0.25,
      0.21428571428571427,
      0.17857142857142858,
      0.14285714285714285,
      0.10714285714285714,
      0.07142857142857142,
      0.03571428571428571,
      0.0
    ],
    "thresholds": [
      0.013291666666666669,
      0.01369047619047619,
      0.01925,
      0.027583333333333338,
      0.041916666666666665,
      0.0548888888888889,
      0.08408333333333333,
      0.10911904761904762,
      0.130125,
      0.1524702380952381,
      0.16192063492063485,
      0.2053134920634921,
      0.20548214285714292,
      0.20768073593073594,
      0.21457142857142855,
      0.21860119047619045,
      0.23279166666666665,
      0.2330557359307359,
      0.24395238095238095,
      0.24528787878787875,
      0.2762380952380952,
      0.2975001803751804,
      0.2978097041847042,
      0.3011269841269842,
      0.3040595238095239,
      0.3054583333333334,
      0.3141428571428571,
      0.31890692640692647,
      0.3228831168831169,
      0.3382896825396825,
      0.3402063492063492,
      0.3763273809523809,
      0.37758134920634917,
      0.40700000000000003,
      0.42962499999999987,
      0.46842063492063474,
      0.48991865079365077,
      0.5162678571428571,
      0.5246150793650795,
      0.5356654734154733,
      0.5371289682539683,
      0.6651309523809523,
      0.6668194444444445,
      0.7515247113997116,
      0.7832182539682541,
      0.7932321428571427,
      0.8138849206349207,
      0.8194503968253968,
      0.8295238095238093,
      0.881267857142857,
      0.8996176739926739,
      0.9119523809523811,
      0.9123571428571426,
      0.9148154761904762,
      0.9454166666666666,
      0.9538095238095237,
      0.9620833333333333,
      0.97125,
      0.9789583333333333,
      0.9849107142857143
    ],
    "auc": 0.9397496757296784
  },
  "confusion_matrices": {
    "0.1": {
      "matrix": [
        [
          7,
          25
        ],
        [
          0,
          28
        ]
      ],
      "tn": 7,
      "fp": 25,
      "fn": 0,
      "tp": 28,
      "accuracy": 0.5833333333333334,
      "precision": 0.5283018867924528,
      "recall": 1.0,
      "specificity": 0.21875,
      "f1": 0.6913580246913581
    },
    "0.2": {
      "matrix": [
        [
          11,
          21
        ],
        [
          0,
          28
        ]
      ],
      "tn": 11,
      "fp": 21,
      "fn": 0,
      "tp": 28,
      "accuracy": 0.65,
      "precision": 0.5714285714285714,
      "recall": 1.0,
      "specificity": 0.34375,
      "f1": 0.7272727272727273
    },
    "0.3": {
      "matrix": [
        [
          21,
          11
        ],
        [
          2,
          26
        ]
      ],
      "tn": 21,
      "fp": 11,
      "fn": 2,
      "tp": 26,
      "accuracy": 0.7833333333333333,
      "precision": 0.7027027027027027,
      "recall": 0.9285714285714286,
      "specificity": 0.65625,
      "f1": 0.7999999999999999
    },
    "0.4": {
      "matrix": [
        [
          28,
          4
        ],
        [
          5,
          23
        ]
      ],
      "tn": 28,
      "fp": 4,
      "fn": 5,
      "tp": 23,
      "accuracy": 0.85,
      "precision": 0.8518518518518519,
      "recall": 0.8214285714285714,
      "specificity": 0.875,
      "f1": 0.8363636363636364
    },
    "0.5": {
      "matrix": [
        [
          30,
          2
        ],
        [
          7,
          21
        ]
      ],
      "tn": 30,
      "fp": 2,
      "fn": 7,
      "tp": 21,
      "accuracy": 0.85,
      "precision": 0.9130434782608695,
      "recall": 0.75,
      "specificity": 0.9375,
      "f1": 0.8235294117647057
    },
    "0.6": {
      "matrix": [
        [
          32,
          0
        ],
        [
          9,
          19
        ]
      ],
      "tn": 32,
      "fp": 0,
      "fn": 9,
      "tp": 19,
      "accuracy": 0.85,
      "precision": 1.0,
      "recall": 0.6785714285714286,
      "specificity": 1.0,
      "f1": 0.8085106382978724
    },
    "0.7": {
      "matrix": [
        [
          32,
          0
        ],
        [
          11,
          17
        ]
      ],
      "tn": 32,
      "fp": 0,
      "fn": 11,
      "tp": 17,
      "accuracy": 0.8166666666666667,
      "precision": 1.0,
      "recall": 0.6071428571428571,
      "specificity": 1.0,
      "f1": 0.7555555555555554
    },