{
  "disease": "heart",
  "model_name": "lightgbm",
  "roc_curve": {
    "fpr": [
      0.0,
      0.0,
      0.0,
      0.03125,
      0.03125,
      0.0625,
      0.0625,
      0.09375,
      0.09375,
      0.125,
      0.125,
      0.15625,
      0.15625,
      0.28125,
      0.28125,
      0.59375,
      0.59375,
      1.0
    ],
    "tpr": [
      0.0,
      0.03571428571428571,
      0.6785714285714286,
      0.6785714285714286,
      0.7142857142857143,
      0.7142857142857143,
      0.7857142857142857,
      0.7857142857142857,
      0.8214285714285714,
      0.8214285714285714,
      0.8928571428571429,
      0.8928571428571429,
      0.9285714285714286,
      0.9285714285714286,
      0.9642857142857143,
      0.9642857142857143,
      1.0,
      1.0
    ],
    "thresholds": [
      Infinity,
      0.9995160232007454,
      0.8319370047118644,
      0.8271623132965862,
      0.7443422410734504,
      0.7030849454776938,
      0.5863977897476231,
      0.4639014581491827,
      0.44081673950919825,
      0.3874934364431167,
      0.3588231388924805,
      0.3238831017578352,
      0.27608829123365775,
      0.19317095731297546,
      0.15302518197147014,
      0.04243338006397762,
      0.03780785413831743,
      0.0007988101466103952
    ],
    "auc": 0.9453125
  },
  "pr_curve": {
    "precision": [
      0.4666666666666667,
      0.4745762711864407,
      0.4827586206896552,
      0.49122807017543857,
      0.5,
      0.509090909090909,
      0.5185185185185185,
      0.5283018867924528,
      0.5384615384615384,
      0.5490196078431373,
      0.56,
      0.5714285714285714,
      0.5833333333333334,
      0.5957446808510638,
      0.5869565217391305,
      0.6,
      0.6136363636363636,
      0.627906976744186,
      0.6428571428571429,
      0.6585365853658537,
      0.675,
      0.6923076923076923,
      0.7105263157894737,
      0.7297297297297297,
      0.75,
      0.7428571428571429,
      0.7647058823529411,
      0.7878787878787878,
      0.8125,
      0.8387096774193549,
      0.8333333333333334,
      0.8620689655172413,
      0.8571428571428571,
      0.8518518518518519,
      0.8846153846153846,
      0.88,
      0.9166666666666666,
      0.9130434782608695,
      0.9090909090909091,
      0.9523809523809523,
      0.95,
      1.0,
      1.0,
      1.0,
      1.0,
      1.0,
      1.0,
      1.0,
      1.0,
      1.0,
      1.0,
      1.0,
      1.0,
      1.0,
      1.0,
      1.0,
      1.0,
      1.0,
      1.0,
      1.0,
      1.0
    ],
    "recall": [
      1.0,
      1.0,
      1.0,
      1.0,
      1.0,
      1.0,
      1.0,
      1.0,
      1.0,
      1.0,
      1.0,
      1.0,
      1.0,
      1.0,
      0.9642857142857143,
      0.9642857142857143,
      0.9642857142857143,
      0.9642857142857143,
      0.9642857142857143,
      0.9642857142857143,
      0.9642857142857143,
      0.9642857142857143,
      0.9642857142857143,
      0.9642857142857143,
      0.9642857142857143,
      0.9285714285714286,
      0.9285714285714286,
      0.9285714285714286,
      0.9285714285714286,
      0.9285714285714286,
      0.8928571428571429,
      0.8928571428571429,
      0.8571428571428571,
      0.8214285714285714,
      0.8214285714285714,
      0.7857142857142857,
      0.7857142857142857,
      0.75,
      0.7142857142857143,
      0.7142857142857143,
      0.6785714285714286,
      0.6785714285714286,
      0.6428571428571429,
      0.6071428571428571,
      0.5714285714285714,
      0.5357142857142857,
      0.5,
      0.4642857142857143,
      0.42857142857142855,
      0.39285714285714285,
      0.35714285714285715,
      0.32142857142857145,
      0.2857142857142857,
      0.25,
      0.21428571428571427,
      0.17857142857142858,
      0.14285714285714285,
      0.10714285714285714,
      0.07142857142857142,
      0.03571428571428571,
      0.0
    ],
    "thresholds": [
      0.0007988101466103952,
      0.001211228957046719,
      0.003013412572725189,
      0.00374507766826497,
      0.004277736833102366,
      0.0051155607018832285,
      0.006023175924658671,
      0.007512882787018552,
      0.00855796044668492,
      0.008827357396094948,
      0.01026071208105364,
      0.019527536703788276,
      0.02676145142417115,
      0.03780785413831743,
      0.04243338006397762,
      0.04392406698047683,
      0.04449096154712112,
      0.04853045886330659,
      0.06873503190219625,
      0.07022040561356369,
      0.10067574566079417,
      0.10146944352823002,
      0.10220402780640696,
      0.10320153563651915,
      0.15302518197147014,
      0.19317095731297546,
      0.2011335635032426,
      0.2147349667129158,
      0.23818835953224896,
      0.27608829123365775,
      0.3238831017578352,
      0.3588231388924805,
      0.36137936482750715,
      0.3874934364431167,
      0.44081673950919825,
      0.4639014581491827,
      0.5863977897476231,
      0.5968391226533134,
      0.7030849454776938,
      0.7443422410734504,
      0.8271623132965862,
      0.8319370047118644,
      0.9010392736132994,
      0.953190328082622,
      0.9588829475275578,
      0.9630318213020642,
      0.9637167203845227,
      0.9660422253056058,
      0.9763433140677471,
      0.9825962083748082,
      0.9828481484853201,
      0.9911170362692018,
      0.9968695464675881,
      0.9975766394753892,
      0.9983106752404034,
      0.998593717524678,
      0.9987142626377247,
      0.9989841242582366,
      0.9990055648884196,
      0.9995160232007454
    ],
    "auc": 0.9481187278059015
  },
  "confusion_matrices": {
    "0.1": {
      "matrix": [
        [
          19,
          13
        ],
        [
          1,
          27
        ]
      ],
      "tn": 19,
      "fp": 13,
      "fn": 1,
      "tp": 27,
      "accuracy": 0.7666666666666667,
      "precision": 0.675,
      "recall": 0.9642857142857143,
      "specificity": 0.59375,
      "f1": 0.7941176470588236
    },
    "0.2": {
      "matrix": [
        [
          24,
          8
        ],
        [
          2,
          26
        ]
      ],
      "tn": 24,
      "fp": 8,
      "fn": 2,
      "tp": 26,
      "accuracy": 0.8333333333333334,
      "precision": 0.7647058823529411,
      "recall": 0.9285714285714286,
      "specificity": 0.75,
      "f1": 0.8387096774193549
    },
    "0.3": {
      "matrix": [
        [
          27,
          5
        ],
        [
          3,
          25
        ]
      ],
      "tn": 27,
      "fp": 5,
      "fn": 3,
      "tp": 25,
      "accuracy": 0.8666666666666667,
      "precision": 0.8333333333333334,
      "recall": 0.8928571428571429,
      "specificity": 0.84375,
      "f1": 0.8620689655172413
    },
    "0.4": {
      "matrix": [
        [
          29,
          3
        ],
        [
          5,
          23
        ]
      ],
      "tn": 29,
      "fp": 3,
      "fn": 5,
      "tp": 23,
      "accuracy": 0.8666666666666667,
      "precision": 0.8846153846153846,
      "recall": 0.8214285714285714,
      "specificity": 0.90625,
      "f1": 0.8518518518518519
    },
    "0.5": {
      "matrix": [
        [
          30,
          2
        ],
        [
          6,
          22
        ]
      ],
      "tn": 30,
      "fp": 2,
      "fn": 6,
      "tp": 22,
      "accuracy": 0.8666666666666667,
      "precision": 0.9166666666666666,
      "recall": 0.7857142857142857,
      "specificity": 0.9375,
      "f1": 0.8461538461538461
    },
    "0.6": {
      "matrix": [
        [
          30,
          2
        ],
        [
          8,
          20
        ]
      ],
      "tn": 30,
      "fp": 2,
      "fn": 8,
      "tp": 20,
      "accuracy": 0.8333333333333334,
      "precision": 0.9090909090909091,
      "recall": 0.7142857142857143,
      "specificity": 0.9375,
      "f1": 0.8
    },
    "0.7": {
      "matrix": [
        [
          30,
          2
        ],
        [
          8,
          20
        ]
      ],
      "tn": 30,
      "fp": 2,
      "fn": 8,
      "tp": 20,