{
  "disease": "heart",
  "model_name": "xgboost",
  "roc_curve": {
    "fpr": [
      0.0,
      0.0,
      0.0,
      0.03125,
      0.03125,
      0.0625,
      0.0625,
      0.09375,
      0.09375,
      0.125,
      0.125,
      0.59375,
      0.59375,
      1.0
    ],
    "tpr": [
      0.0,
      0.03571428571428571,
      0.6785714285714286,
      0.6785714285714286,
      0.7142857142857143,
      0.7142857142857143,
      0.7857142857142857,
      0.7857142857142857,
      0.8214285714285714,
      0.8214285714285714,
      0.9642857142857143,
      0.9642857142857143,
      1.0,
      1.0
    ],
    "thresholds": [
      Infinity,
      0.9978790283203125,
      0.8707423210144043,
      0.7527025938034058,
      0.7234945297241211,
      0.7026879191398621,
      0.48895183205604553,
      0.4168153405189514,
      0.4025082290172577,
      0.3777018189430237,
      0.2288009077310562,
      0.07215612381696701,
      0.06581956893205643,
      0.005002818536013365
    ],
    "auc": 0.9520089285714286
  },
  "pr_curve": {
    "precision": [
      0.4666666666666667,
      0.4745762711864407,
      0.4827586206896552,
      0.49122807017543857,
      0.5,
      0.509090909090909,
      0.5185185185185185,
      0.5283018867924528,
      0.5384615384615384,
      0.5490196078431373,
      0.56,
      0.5714285714285714,
      0.5833333333333334,
      0.5957446808510638,
      0.5869565217391305,
      0.6,
      0.6136363636363636,
      0.627906976744186,
      0.6428571428571429,
      0.6585365853658537,
      0.675,
      0.6923076923076923,
      0.7105263157894737,
      0.7297297297297297,
      0.75,
      0.7714285714285715,
      0.7941176470588235,
      0.8181818181818182,
      0.84375,
      0.8709677419354839,
      0.8666666666666667,
      0.8620689655172413,
      0.8571428571428571,
      0.8518518518518519,
      0.8846153846153846,
      0.88,
      0.9166666666666666,
      0.9130434782608695,
      0.9090909090909091,
      0.9523809523809523,
      0.95,
      1.0,
      1.0,
      1.0,
      1.0,
      1.0,
      1.0,
      1.0,
      1.0,
      1.0,
      1.0,
      1.0,
      1.0,
      1.0,
      1.0,
      1.0,
      1.0,
      1.0,
      1.0,
      1.0,
      1.0
    ],
    "recall": [
      1.0,
      1.0,
      1.0,
      1.0,
      1.0,
      1.0,
      1.0,
      1.0,
      1.0,
      1.0,
      1.0,
      1.0,
      1.0,
      1.0,
      0.9642857142857143,
      0.9642857142857143,
      0.9642857142857143,
      0.9642857142857143,
      0.9642857142857143,
      0.9642857142857143,
      0.9642857142857143,
      0.9642857142857143,
      0.9642857142857143,
      0.9642857142857143,
      0.9642857142857143,
      0.9642857142857143,
      0.9642857142857143,
      0.9642857142857143,
      0.9642857142857143,
      0.9642857142857143,
      0.9285714285714286,
      0.8928571428571429,
      0.8571428571428571,
      0.8214285714285714,
      0.8214285714285714,
      0.7857142857142857,
      0.7857142857142857,
      0.75,
      0.7142857142857143,
      0.7142857142857143,
      0.6785714285714286,
      0.6785714285714286,
      0.6428571428571429,
      0.6071428571428571,
      0.5714285714285714,
      0.5357142857142857,
      0.5,
      0.4642857142857143,
      0.42857142857142855,
      0.39285714285714285,
      0.35714285714285715,
      0.32142857142857145,
      0.2857142857142857,
      0.25,
      0.21428571428571427,
      0.17857142857142858,
      0.14285714285714285,
      0.10714285714285714,
      0.07142857142857142,
      0.03571428571428571,
      0.0
    ],
    "thresholds": [
      0.005002818536013365,
      0.005647261627018452,
      0.005865602288395166,
      0.007547966204583645,
      0.009299392811954021,
      0.010924316011369228,
      0.0122971311211586,
      0.01267735194414854,
      0.017522605136036873,
      0.0177749190479517,
      0.044239822775125504,
      0.06223945692181587,
      0.06348837167024612,
      0.06581956893205643,
      0.07215612381696701,
      0.08811289072036743,
      0.10256745666265488,
      0.10585600137710571,
      0.1117779016494751,
      0.12468284368515015,
      0.13609236478805542,
      0.1367453783750534,
      0.1372266709804535,
      0.14518460631370544,
      0.1488095223903656,
      0.17764458060264587,
      0.18153296411037445,
      0.19561909139156342,
      0.22795774042606354,
      0.2288009077310562,
      0.27231550216674805,
      0.3097608685493469,
      0.3232577443122864,
      0.3777018189430237,
      0.4025082290172577,
      0.4168153405189514,
      0.48895183205604553,
      0.5669905543327332,
      0.7026879191398621,
      0.7234945297241211,
      0.7527025938034058,
      0.8707423210144043,
      0.9013315439224243,
      0.903832733631134,
      0.9128009676933289,
      0.9474072456359863,
      0.9475477337837219,
      0.9488523602485657,
      0.9556121230125427,
      0.9608414769172668,
      0.964414119720459,
      0.9822788238525391,
      0.9856415390968323,
      0.985879123210907,
      0.9886228442192078,
      0.9940551519393921,
      0.9945607781410217,
      0.9950372576713562,
      0.9969294667243958,
      0.9978790283203125
    ],
    "auc": 0.9535021186483341
  },
  "confusion_matrices": {
    "0.1": {
      "matrix": [
        [
          15,
          17
        ],
        [
          1,
          27
        ]
      ],
      "tn": 15,
      "fp": 17,
      "fn": 1,
      "tp": 27,
      "accuracy": 0.7,
      "precision": 0.6136363636363636,
      "recall": 0.9642857142857143,
      "specificity": 0.46875,
      "f1": 0.75
    },
    "0.2": {
      "matrix": [
        [
          27,
          5
        ],
        [
          1,
          27
        ]
      ],
      "tn": 27,
      "fp": 5,
      "fn": 1,
      "tp": 27,
      "accuracy": 0.9,
      "precision": 0.84375,
      "recall": 0.9642857142857143,
      "specificity": 0.84375,
      "f1": 0.8999999999999999
    },
    "0.3": {
      "matrix": [
        [
          28,
          4
        ],
        [
          3,
          25
        ]
      ],
      "tn": 28,
      "fp": 4,
      "fn": 3,
      "tp": 25,
      "accuracy": 0.8833333333333333,
      "precision": 0.8620689655172413,
      "recall": 0.8928571428571429,
      "specificity": 0.875,
      "f1": 0.8771929824561403
    },
    "0.4": {
      "matrix": [
        [
          29,
          3
        ],
        [
          5,
          23
        ]
      ],
      "tn": 29,
      "fp": 3,
      "fn": 5,
      "tp": 23,
      "accuracy": 0.8666666666666667,
      "precision": 0.8846153846153846,
      "recall": 0.8214285714285714,
      "specificity": 0.90625,
      "f1": 0.8518518518518519
    },
    "0.5": {
      "matrix": [
        [
          30,
          2
        ],
        [
          7,
          21
        ]
      ],
      "tn": 30,
      "fp": 2,
      "fn": 7,
      "tp": 21,
      "accuracy": 0.85,
      "precision": 0.9130434782608695,
      "recall": 0.75,
      "specificity": 0.9375,
      "f1": 0.8235294117647057
    },
    "0.6": {
      "matrix": [
        [
          30,
          2
        ],
        [
          8,
          20
        ]
      ],
      "tn": 30,
      "fp": 2,
      "fn": 8,
      "tp": 20,
      "accuracy": 0.8333333333333334,
      "precision": 0.9090909090909091,
      "recall": 0.7142857142857143,
      "specificity": 0.9375,
      "f1": 0.8
    },
    "0.7": {
      "matrix": [
        [
          30,
          2
        ],
        [
          8,
          20
        ]
      ],
      "tn": 30,
      "fp": 2,
      "fn": 8,
      "tp": 20,
      "accuracy": 0.8333333333333334,
      "precision": 0.9090909090909091,
      "recall": 0.7142857142857143,
      "specificity": 0.9375,
      "f1": 0.8
    },
    "0.8": {
      "matrix": [
        [
          32,
          0
        ],
        [
          9,
          19
        ]
      ],
      "tn": 32,
      "fp": 0,
      "fn": 9,
      "tp": 19,