{
  "disease": "heart",
  "model_name": "svm",
  "roc_curve": {
    "fpr": [
      0.0,
      0.0,
      0.0,
      0.125,
      0.125,
      0.34375,
      0.34375,
      0.46875,
      0.46875,
      0.625,
      0.625,
      1.0
    ],
    "tpr": [
      0.0,
      0.03571428571428571,
      0.8571428571428571,
      0.8571428571428571,
      0.8928571428571429,
      0.8928571428571429,
      0.9285714285714286,
      0.9285714285714286,
      0.9642857142857143,
      0.9642857142857143,
      1.0,
      1.0
    ],
    "thresholds": [
      Infinity,
      0.9760406939443776,
      0.422333070282975,
      0.31542800361120693,
      0.3133633417180558,
      0.22643966589239262,
      0.22610927971460273,
      0.19221166611870072,
      0.1591692843934747,
      0.11672852662249097,
      0.11158880313645272,
      0.05230158115434084
    ],
    "auc": 0.9441964285714286
  },
  "pr_curve": {
    "precision": [
      0.4666666666666667,
      0.4745762711864407,
      0.4827586206896552,
      0.49122807017543857,
      0.5,
      0.509090909090909,
      0.5185185185185185,
      0.5283018867924528,
      0.5384615384615384,
      0.5490196078431373,
      0.56,
      0.5714285714285714,
      0.5833333333333334,
      0.574468085106383,
      0.5869565217391305,
      0.6,
      0.6136363636363636,
      0.627906976744186,
      0.6428571428571429,
      0.6341463414634146,
      0.65,
      0.6666666666666666,
      0.6842105263157895,
      0.7027027027027027,
      0.6944444444444444,
      0.7142857142857143,
      0.7352941176470589,
      0.7575757575757576,
      0.78125,
      0.8064516129032258,
      0.8333333333333334,
      0.8620689655172413,
      0.8571428571428571,
      0.8888888888888888,
      0.9230769230769231,
      0.96,
      1.0,
      1.0,
      1.0,
      1.0,
      1.0,
      1.0,
      1.0,
      1.0,
      1.0,
      1.0,
      1.0,
      1.0,
      1.0,
      1.0,
      1.0,
      1.0,
      1.0,
      1.0,
      1.0,
      1.0,
      1.0,
      1.0,
      1.0,
      1.0,
      1.0
    ],
    "recall": [
      1.0,
      1.0,
      1.0,
      1.0,
      1.0,
      1.0,
      1.0,
      1.0,
      1.0,
      1.0,
      1.0,
      1.0,
      1.0,
      0.9642857142857143,
      0.9642857142857143,
      0.9642857142857143,
      0.9642857142857143,
      0.9642857142857143,
      0.9642857142857143,
      0.9285714285714286,
      0.9285714285714286,
      0.9285714285714286,
      0.9285714285714286,
      0.9285714285714286,
      0.8928571428571429,
      0.8928571428571429,
      0.8928571428571429,
      0.8928571428571429,
      0.8928571428571429,
      0.8928571428571429,
      0.8928571428571429,
      0.8928571428571429,
      0.8571428571428571,
      0.8571428571428571,
      0.8571428571428571,
      0.8571428571428571,
      0.8571428571428571,
      0.8214285714285714,
      0.7857142857142857,
      0.75,
      0.7142857142857143,
      0.6785714285714286,
      0.6428571428571429,
      0.6071428571428571,
      0.5714285714285714,
      0.5357142857142857,
      0.5,
      0.4642857142857143,
      0.42857142857142855,
      0.39285714285714285,
      0.35714285714285715,
      0.32142857142857145,
      0.2857142857142857,
      0.25,
      0.21428571428571427,
      0.17857142857142858,
      0.14285714285714285,
      0.10714285714285714,
      0.07142857142857142,
      0.03571428571428571,
      0.0
    ],
    "thresholds": [
      0.05230158115434084,
      0.05254577047696954,
      0.06127828236557346,
      0.061432586591631866,
      0.06277223674474908,
      0.0646458239957312,
      0.07253712770307608,
      0.07814608609174885,
      0.08348674709064466,
      0.09471700659346091,
      0.09514108385743703,
      0.10148612151849763,
      0.11158880313645272,
      0.11672852662249097,
      0.12609731358066348,
      0.14342786616990538,
      0.1495612462838165,
      0.15534200137120643,
      0.1591692843934747,
      0.19221166611870072,
      0.20021408275742353,
      0.21191789052805518,
      0.22290773687047577,
      0.22610927971460273,
      0.22643966589239262,
      0.2430672553945783,
      0.2603191138149137,
      0.2607368326185083,
      0.26814655554174727,
      0.28710481212397576,
      0.2923281789762594,
      0.3133633417180558,
      0.31542800361120693,
      0.4001167479099221,
      0.4121182316407465,
      0.415127813121668,
      0.422333070282975,
      0.4691330033937656,
      0.5828752552990955,
      0.6141097100087336,
      0.6850999125586119,
      0.7455881739944571,
      0.7494939593992445,
      0.7586453685962157,
      0.7771423118746569,
      0.7993211592370257,
      0.8695489002770062,
      0.8699882515679902,
      0.8870503547914903,
      0.8923788973607644,
      0.9139514408194986,
      0.9244018168582583,
      0.9375610251463071,
      0.9412736964716629,
      0.9434313024684035,
      0.9454015480462309,
      0.9732041600016276,
      0.9734938548093951,
      0.9736773270304432,
      0.9760406939443776
    ],
    "auc": 0.9562707834387056
  },
  "confusion_matrices": {
    "0.1": {
      "matrix": [
        [
          11,
          21
        ],
        [
          0,
          28
        ]
      ],
      "tn": 11,
      "fp": 21,
      "fn": 0,
      "tp": 28,
      "accuracy": 0.65,
      "precision": 0.5714285714285714,
      "recall": 1.0,
      "specificity": 0.34375,
      "f1": 0.7272727272727273
    },
    "0.2": {
      "matrix": [
        [
          18,
          14
        ],
        [
          2,
          26
        ]
      ],
      "tn": 18,
      "fp": 14,
      "fn": 2,
      "tp": 26,
      "accuracy": 0.7333333333333333,
      "precision": 0.65,
      "recall": 0.9285714285714286,
      "specificity": 0.5625,
      "f1": 0.7647058823529412
    },
    "0.3": {
      "matrix": [
        [
          28,
          4
        ],
        [
          3,
          25
        ]
      ],
      "tn": 28,
      "fp": 4,
      "fn": 3,
      "tp": 25,
      "accuracy": 0.8833333333333333,
      "precision": 0.8620689655172413,
      "recall": 0.8928571428571429,
      "specificity": 0.875,
      "f1": 0.8771929824561403
    },
    "0.4": {
      "matrix": [
        [
          29,
          3
        ],
        [
          4,
          24
        ]
      ],
      "tn": 29,
      "fp": 3,
      "fn": 4,
      "tp": 24,
      "accuracy": 0.8833333333333333,
      "precision": 0.8888888888888888,
      "recall": 0.8571428571428571,
      "specificity": 0.90625,
      "f1": 0.8727272727272727
    },
    "0.5": {
      "matrix": [
        [
          32,
          0
        ],
        [
          6,
          22
        ]
      ],
      "tn": 32,
      "fp": 0,
      "fn": 6,
      "tp": 22,
      "accuracy": 0.9,
      "precision": 1.0,
      "recall": 0.7857142857142857,
      "specificity": 1.0,
      "f1": 0.88
    },
    "0.6": {
      "matrix": [
        [
          32,
          0
        ],
        [
          7,
          21
        ]
      ],
      "tn": 32,
      "fp": 0,
      "fn": 7,
      "tp": 21,
      "accuracy": 0.8833333333333333,
      "precision": 1.0,
      "recall": 0.75,
      "specificity": 1.0,
      "f1": 0.8571428571428571
    },
    "0.7": {
      "matrix": [
        [
          32,
          0
        ],
        [
          9,
          19
        ]
      ],
      "tn": 32,
      "fp": 0,
      "fn": 9,
      "tp": 19,
      "accuracy": 0.85,
      "precision": 1.0,
      "recall": 0.6785714285714286,
      "specificity": 1.0,
      "f1": 0.8085106382978724
    },
    "0.8": {
      "matrix": [
        [
          32,
          0
        ],
        [
          14,
          14
        ]
      ],
      "tn": 32,
      "fp": 0,
      "fn": 14,
      "tp": 14,
      "accuracy": 0.7666666666666667,
      "precision": 1.0,
      "recall": 0.5,
      "specificity": 1.0,
      "f1": 0.6666666666666666
    },