{
  "age": {
    "min": 29.0,
    "max": 77.0,
    "mean": 54.54208754208754,
    "std": 9.049735681096763,
    "q1": 48.0,
    "q3": 61.0,
    "median": 56.0
  },
  "sex": {
    "min": 0.0,
    "max": 1.0,
    "mean": 0.6767676767676768,
    "std": 0.46849996744100153,
    "q1": 0.0,
    "q3": 1.0,
    "median": 1.0
  },
  "cp": {
    "min": 0.0,
    "max": 3.0,
    "mean": 2.1582491582491583,
    "std": 0.9648594099420293,
    "q1": 2.0,
    "q3": 3.0,
    "median": 2.0
  },
  "trestbps": {
    "min": 94.0,
    "max": 200.0,
    "mean": 131.69360269360268,
    "std": 17.762806366599,
    "q1": 120.0,
    "q3": 140.0,
    "median": 130.0
  },
  "chol": {
    "min": 126.0,
    "max": 564.0,
    "mean": 247.35016835016836,
    "std": 51.997582535138974,
    "q1": 211.0,
    "q3": 276.0,
    "median": 243.0
  },
  "fbs": {
    "min": 0.0,
    "max": 1.0,
    "mean": 0.1447811447811448,
    "std": 0.352473934125453,
    "q1": 0.0,
    "q3": 0.0,
    "median": 0.0
  },
  "restecg": {
    "min": 0.0,
    "max": 2.0,
    "mean": 0.9966329966329966,
    "std": 0.9949138102637283,
    "q1": 0.0,
    "q3": 2.0,
    "median": 1.0
  },
  "thalach": {
    "min": 71.0,
    "max": 202.0,
    "mean": 149.5993265993266,
    "std": 22.941562061360813,
    "q1": 133.0,
    "q3": 166.0,
    "median": 153.0
  },
  "exang": {
    "min": 0.0,
    "max": 1.0,
    "mean": 0.3265993265993266,
    "std": 0.46976081219618643,
    "q1": 0.0,
    "q3": 1.0,
    "median": 0.0
  },
  "oldpeak": {
    "min": 0.0,
    "max": 6.2,
    "mean": 1.0555555555555556,
    "std": 1.1661227818468956,
    "q1": 0.0,
    "q3": 1.6,
    "median": 0.8
  },
  "slope": {
    "min": 0.0,
    "max": 2.0,
    "mean": 0.6026936026936027,
    "std": 0.618186769637528,
    "q1": 0.0,
    "q3": 1.0,
    "median": 1.0
  },
  "ca": {
    "min": 0.0,
    "max": 3.0,
    "mean": 0.6767676767676768,
    "std": 0.9389645263024486,
    "q1": 0.0,
    "q3": 1.0,
    "median": 0.0
  },
  "thal": {
    "min": 0.0,
    "max": 2.0,
    "mean": 0.835016835016835,
    "std": 0.9566902138394461,
    "q1": 0.0,
    "q3": 2.0,
    "median": 0.0
  },
  "condition": {
    "min": 0.0,
    "max": 1.0,
    "mean": 0.4612794612794613,
    "std": 0.4993398134940266,
    "q1": 0.0,
    "q3": 1.0,
    "median": 0.0
  }
}