{
  "disease": "heart",
  "model_name": "stacking",
  "roc_curve": {
    "fpr": [
      0.0,
      0.0,
      0.0,
      0.03125,
      0.03125,
      0.125,
      0.125,
      0.21875,
      0.21875,
      1.0
    ],
    "tpr": [
      0.0,
      0.03571428571428571,
      0.8214285714285714,
      0.8214285714285714,
      0.8571428571428571,
      0.8571428571428571,
      0.9642857142857143,
      0.9642857142857143,
      1.0,
      1.0
    ],
    "thresholds": [
      Infinity,
      0.9201292027731551,
      0.42920396168520414,
      0.41679923798502316,
      0.41142609945560527,
      0.3124881602351342,
      0.25779275179316335,
      0.23735689708841595,
      0.23690135024330602,
      0.07905343212160143
    ],
    "auc": 0.9776785714285714
  },
  "pr_curve": {
    "precision": [
      0.4666666666666667,
      0.4745762711864407,
      0.4827586206896552,
      0.49122807017543857,
      0.5,
      0.509090909090909,
      0.5185185185185185,
      0.5283018867924528,
      0.5384615384615384,
      0.5490196078431373,
      0.56,
      0.5714285714285714,
      0.5833333333333334,
      0.5957446808510638,
      0.6086956521739131,
      0.6222222222222222,
      0.6363636363636364,
      0.6511627906976745,
      0.6666666666666666,
      0.6829268292682927,
      0.7,
      0.717948717948718,
      0.7368421052631579,
      0.7567567567567568,
      0.7777777777777778,
      0.8,
      0.7941176470588235,
      0.8181818181818182,
      0.84375,
      0.8709677419354839,
      0.8666666666666667,
      0.8620689655172413,
      0.8571428571428571,
      0.8888888888888888,
      0.9230769230769231,
      0.96,
      0.9583333333333334,
      1.0,
      1.0,
      1.0,
      1.0,
      1.0,
      1.0,
      1.0,
      1.0,
      1.0,
      1.0,
      1.0,
      1.0,
      1.0,
      1.0,
      1.0,
      1.0,
      1.0,
      1.0,
      1.0,
      1.0,
      1.0,
      1.0,
      1.0,
      1.0
    ],
    "recall": [
      1.0,
      1.0,
      1.0,
      1.0,
      1.0,
      1.0,
      1.0,
      1.0,
      1.0,
      1.0,
      1.0,
      1.0,
      1.0,
      1.0,
      1.0,
      1.0,
      1.0,
      1.0,
      1.0,
      1.0,
      1.0,
      1.0,
      1.0,
      1.0,
      1.0,
      1.0,
      0.9642857142857143,
      0.9642857142857143,
      0.9642857142857143,
      0.9642857142857143,
      0.9285714285714286,
      0.8928571428571429,
      0.8571428571428571,
      0.8571428571428571,
      0.8571428571428571,
      0.8571428571428571,
      0.8214285714285714,
      0.8214285714285714,
      0.7857142857142857,
      0.75,
      0.7142857142857143,
      0.6785714285714286,
      0.6428571428571429,
      0.6071428571428571,
      0.5714285714285714,
      0.5357142857142857,
      0.5,
      0.4642857142857143,
      0.42857142857142855,
      0.39285714285714285,
      0.35714285714285715,
      0.32142857142857145,
      0.2857142857142857,
      0.25,
      0.21428571428571427,
      0.17857142857142858,
      0.14285714285714285,
      0.10714285714285714,
      0.07142857142857142,
      0.03571428571428571,
      0.0
    ],
    "thresholds": [
      0.07905343212160143,
      0.08658404494861797,
      0.0902214427485669,
      0.09323955623017957,
      0.09341183623113472,
      0.09699679011834618,
      0.10452069810740731,
      0.10513535227594133,
      0.1057996370636674,
      0.1294527455684044,
      0.13279663929229213,
      0.15150990970144024,
      0.1653565307313098,
      0.16833360688752033,
      0.16912859084535234,
      0.17406975553261517,
      0.18013137467722967,
      0.18988201626908097,
      0.19045498000408426,
      0.19619648093183056,
      0.20531350411402152,
      0.21873485621298627,
      0.22235121398603477,
      0.2250293915070274,
      0.2354477225758159,
      0.23690135024330602,
      0.23735689708841595,
      0.24473475113368934,
      0.2547656437745202,
      0.25779275179316335,
      0.26928598627128747,
      0.3006665542653867,
      0.3124881602351342,
      0.32038698898878304,
      0.32699477292594814,
      0.41142609945560527,
      0.41679923798502316,
      0.42920396168520414,
      0.4842911702257873,
      0.6070556744028088,
      0.6246510537076934,
      0.7736126357757744,
      0.8020978245393023,
      0.821693572937902,
      0.8401279517538426,
      0.8557855394992543,
      0.8586320567873543,
      0.8631653487852906,
      0.8796000574341846,
      0.8807425145282654,
      0.8899311726130241,
      0.8954727511826174,
      0.9017306802172111,
      0.9036488343176141,
      0.9151723999119963,
      0.9168672784135008,
      0.9169185031326992,
      0.917752126715878,
      0.918195217623558,
      0.9201292027731551
    ],
    "auc": 0.9767505864971127
  },
  "confusion_matrices": {
    "0.1": {
      "matrix": [
        [
          6,
          26
        ],
        [
          0,
          28
        ]
      ],
      "tn": 6,
      "fp": 26,
      "fn": 0,
      "tp": 28,
      "accuracy": 0.5666666666666667,
      "precision": 0.5185185185185185,
      "recall": 1.0,
      "specificity": 0.1875,
      "f1": 0.6829268292682926
    },
    "0.2": {
      "matrix": [
        [
          20,
          12
        ],
        [
          0,
          28
        ]
      ],
      "tn": 20,
      "fp": 12,
      "fn": 0,
      "tp": 28,
      "accuracy": 0.8,
      "precision": 0.7,
      "recall": 1.0,
      "specificity": 0.625,
      "f1": 0.8235294117647058
    },
    "0.3": {
      "matrix": [
        [
          28,
          4
        ],
        [
          3,
          25
        ]
      ],
      "tn": 28,
      "fp": 4,
      "fn": 3,
      "tp": 25,
      "accuracy": 0.8833333333333333,
      "precision": 0.8620689655172413,
      "recall": 0.8928571428571429,
      "specificity": 0.875,
      "f1": 0.8771929824561403
    },
    "0.4": {
      "matrix": [
        [
          31,
          1
        ],
        [
          4,
          24
        ]
      ],
      "tn": 31,
      "fp": 1,
      "fn": 4,
      "tp": 24,
      "accuracy": 0.9166666666666666,
      "precision": 0.96,
      "recall": 0.8571428571428571,
      "specificity": 0.96875,
      "f1": 0.9056603773584904
    },
    "0.5": {
      "matrix": [
        [
          32,
          0
        ],
        [
          7,
          21
        ]
      ],
      "tn": 32,
      "fp": 0,
      "fn": 7,
      "tp": 21,
      "accuracy": 0.8833333333333333,
      "precision": 1.0,
      "recall": 0.75,
      "specificity": 1.0,
      "f1": 0.8571428571428571
    },
    "0.6": {
      "matrix": [
        [
          32,
          0
        ],
        [
          7,
          21
        ]
      ],
      "tn": 32,
      "fp": 0,
      "fn": 7,
      "tp": 21,
      "accuracy": 0.8833333333333333,
      "precision": 1.0,
      "recall": 0.75,
      "specificity": 1.0,
      "f1": 0.8571428571428571
    },
    "0.7": {
      "matrix": [
        [
          32,
          0
        ],
        [
          9,
          19
        ]
      ],
      "tn": 32,
      "fp": 0,
      "fn": 9,
      "tp": 19,
      "accuracy": 0.85,
      "precision": 1.0,
      "recall": 0.6785714285714286,
      "specificity": 1.0,
      "f1": 0.8085106382978724
    },
    "0.8": {
      "matrix": [
        [
          32,
          0
        ],
        [
          10,
          18
        ]
      ],
      "tn": 32,
      "fp": 0,
      "fn": 10,
      "tp": 18,
      "accuracy": 0.8333333333333334,
      "precision": 1.0,
      "recall": 0.6428571428571429,
      "specificity": 1.0,
      "f1": 0.782608695652174
    },
    "0.9": {
      "matrix": [
        [
          32,
          0
        ],
        [
          20,
          8
        ]
      ],
      "tn": 32,
      "fp": 0,
      "fn": 20,
      "tp": 8,
      "accuracy": 0.6666666666666666,
      "precision": 1.0,
      "recall": 0.2857142857142857,
      "specificity": 1.0,
      "f1": 0.4444444444444445
    }
  },
  "test_set_size": 60,