{
  "logistic_regression": {
    "accuracy": 0.51,
    "precision": 0.5204081632653061,
    "recall": 0.5,
    "f1_score": 0.51,
    "roc_auc": 0.510204081632653,
    "confusion_matrix": [
      [
        51,
        47
      ],
      [
        51,
        51
      ]
    ],
    "is_best": false
  },
  "random_forest": {
    "accuracy": 0.495,
    "precision": 0.5050505050505051,
    "recall": 0.49019607843137253,
    "f1_score": 0.4975124378109453,
    "roc_auc": 0.4996998799519808,
    "confusion_matrix": [
      [
        49,
        49
      ],
      [
        52,
        50
      ]
    ],
    "is_best": false
  },
  "svm": {
    "accuracy": 0.445,
    "precision": 0.45454545454545453,
    "recall": 0.4411764705882353,
    "f1_score": 0.44776119402985076,
    "roc_auc": 0.5,
    "confusion_matrix": [
      [
        44,
        54
      ],
      [
        57,
        45
      ]
    ],
    "is_best": false
  },
  "xgboost": {
    "accuracy": 0.535,
    "precision": 0.5420560747663551,
    "recall": 0.5686274509803921,
    "f1_score": 0.5550239234449761,
    "roc_auc": 0.5310124049619849,
    "confusion_matrix": [
      [
        49,
        49
      ],
      [
        44,
        58
      ]
    ],
    "is_best": false
  },
  "lightgbm": {
    "accuracy": 0.48,
    "precision": 0.49019607843137253,
    "recall": 0.49019607843137253,
    "f1_score": 0.49019607843137253,
    "roc_auc": 0.4969987995198079,
    "confusion_matrix": [
      [
        46,
        52
      ],
      [
        52,
        50
      ]
    ],
    "is_best": false
  },
  "stacking": {
    "accuracy": 0.48,
    "precision": 0.49,
    "recall": 0.4803921568627451,
    "f1_score": 0.48514851485148514,
    "roc_auc": 0.4664865946378552,
    "confusion_matrix": [
      [
        47,
        51
      ],
      [
        53,
        49
      ]
    ],
    "is_best": false
  }
}